<?xml version='1.0' encoding='UTF-8' ?>
<timeLogEntries>
  <time id="1" path="/Tarea Integradora 1/PSP0/Planning" start="@1599420546412" delta="74" />
  <time id="2" path="/Tarea Integradora 2/PSP0/Code" start="@1603935873784" delta="43" />
  <time id="3" path="/Tarea Integradora 2/PSP0/Code" start="@1604591124087" delta="108" />
  <time id="4" path="/Tarea Integradora 2/PSP0/Code" start="@1604710101687" delta="39" />
  <time id="5" path="/Tarea Integradora 2/PSP0/Code" start="@1604714042917" delta="7" />
  <time id="6" path="/Tarea Integradora 2/PSP0/Test" start="@1604717801477" delta="14" />
  <time id="7" path="/Tarea Integradora 2/PSP0/Design" start="@1604722616055" delta="14" />
  <time id="8" path="/Tarea Integradora 2/PSP0/Design" start="@1604725234742" delta="41" />
  <time id="9" path="/Tarea Integradora 2/PSP0/Planning" start="@1604727723432" delta="75" />
  <time id="10" path="/Tarea Integradora 2/PSP0/Design" start="@1604733148882" delta="21" />
  <time id="11" path="/Tarea Integradora 2/PSP0/Code" start="@1604734395314" delta="8" />
  <time id="12" path="/Tarea Integradora 2/PSP0/Design" start="@1604750292998" delta="32" />
  <time id="13" path="/Tarea Integradora 2/PSP0/Code" start="@1604752222102" delta="52" />
  <time id="14" path="/Tarea Integradora 2/PSP0/Code" start="@1605200948200" delta="90" />
  <time id="15" path="/Tarea Integradora 2/PSP0/Code" start="@1605207881510" delta="102" interrupt="6" />
  <time id="16" path="/Tarea Integradora 2/PSP0/Code" start="@1605217726229" delta="112" />
  <time id="17" path="/Tarea Integradora 2/PSP0/Test" start="@1605275691436" delta="29" />
  <time id="18" path="/Tarea Integradora 2/PSP0/Design" start="@1605283229318" delta="5" />
  <time id="19" path="/Tarea Integradora 2/PSP0/Design" start="@1605331075540" delta="26" />
  <time id="20" path="/Tarea Integradora 2/PSP0/Planning" start="@1605335622858" delta="19" />
  <time id="21" path="/Tarea Integradora 2/PSP0/Planning" start="@1605356817214" delta="6" />
  <time id="22" path="/Tarea Integradora 2/PSP0/Code" start="@1605357166015" delta="3" />
  <time id="23" path="/Tarea Integradora 2/PSP0/Planning" start="@1605360446433" delta="32" />
  <time id="24" path="/Tarea Integradora 2/PSP0/Planning" start="@1605364011971" delta="27" />
  <time id="25" path="/Tarea Integradora 3/PSP0/Code" start="@1605739866815" delta="14" interrupt="3" />
  <time id="26" path="/GMaps Proyecto/PSP0/Planning" start="@1613778489493" delta="101" />
  <time id="27" path="/GMaps Proyecto/PSP0/Code" start="@1613858013652" delta="24" />
  <time id="28" path="/GMaps Proyecto/PSP0/Code" start="@1613860935603" delta="82" />
  <time id="29" path="/GMaps Proyecto/PSP0/Code" start="@1613882444891" delta="29" />
  <time id="30" path="/GMaps Proyecto/PSP0/Compile" start="@1613920027022" delta="7" />
  <time id="31" path="/GMaps Proyecto/PSP0/Design" start="@1613920447309" delta="5" />
  <time id="32" path="/GMaps Proyecto/PSP0/Code" start="@1613925391137" delta="27" />
  <time id="33" path="/GMaps Proyecto/PSP0/Planning" start="@1613928974406" delta="32" />
  <time id="34" path="/GMaps Proyecto/PSP0/Code" start="@1613930889201" delta="14" />
  <time id="35" path="/GMaps Proyecto/PSP0/Planning" start="@1613937832160" delta="37" />
  <time id="36" path="/GMaps Proyecto/PSP0/Code" start="@1613941477555" delta="5" />
  <time id="37" path="/GMaps Proyecto/PSP0/Design" start="@1614313189447" delta="10" />
  <time id="38" path="/GMaps Proyecto/PSP0/Compile" start="@1614313804893" delta="4" />
  <time id="39" path="/GMaps Proyecto/PSP0/Test" start="@1614314077800" delta="12" />
  <time id="40" path="/GMaps Proyecto/PSP0/Postmortem" start="@1614314776572" delta="4" />
</timeLogEntries>
